"Reference","Value","Datasheet","Footprint","Qty","DNP"
"BT1,BT2,BT4","12v","~","TerminalBlock_4Ucon:TerminalBlock_4Ucon_1x02_P3.50mm_Horizontal","3",""
"BT3","Battery_Cell","~","TerminalBlock_4Ucon:TerminalBlock_4Ucon_1x02_P3.50mm_Horizontal","1",""
"BT6","12","~","TerminalBlock_4Ucon:TerminalBlock_4Ucon_1x02_P3.50mm_Horizontal","1",""
"C1","0.1U","~","Resistor_THT:R_Axial_DIN0204_L3.6mm_D1.6mm_P1.90mm_Vertical","1",""
"D1","1N4148WT","https://www.diodes.com/assets/Datasheets/ds30396.pdf","Diode_THT:D_A-405_P12.70mm_Horizontal","1",""
"J1","Screw_Terminal_01x02","~","TerminalBlock:TerminalBlock_bornier-2_P5.08mm","1",""
"Q1","IRF540N","http://www.irf.com/product-info/datasheets/data/irf540n.pdf","Package_TO_SOT_THT:TO-220-3_Vertical","1",""
"R1,Rp1,Rp2,RV1","1k","~","-- mixed values --","4",""
"R2","1K","~","Resistor_THT:R_Axial_DIN0207_L6.3mm_D2.5mm_P15.24mm_Horizontal","1",""
"R3","20K","~","Resistor_THT:R_Axial_DIN0207_L6.3mm_D2.5mm_P15.24mm_Horizontal","1",""
"R5","100","~","Resistor_THT:R_Axial_DIN0207_L6.3mm_D2.5mm_P15.24mm_Horizontal","1",""
"U1,U2,U3,U4","LM741","http://www.ti.com/lit/ds/symlink/lm741.pdf","Package_DIP:DIP-8_W7.62mm_LongPads","4",""
